,Year,cume,Country,Million tonnes of carbon dioxide
0,1965,1346.8879397980656,Rest of the World,1346.8879397980656
1,1966,2758.0072479027895,Rest of the World,1411.1193081047238
2,1967,4215.746175679257,Rest of the World,1457.7389277764678
3,1968,5785.669529363924,Rest of the World,1569.9233536846668
4,1969,7454.122092291471,Rest of the World,1668.4525629275468
5,1970,9220.688310259386,Rest of the World,1766.5662179679148
6,1971,11043.604979896298,Rest of the World,1822.916669636912
7,1972,12962.267441577618,Rest of the World,1918.6624616813206
8,1973,14980.057352844256,Rest of the World,2017.7899112666382
9,1974,16962.128405888405,Rest of the World,1982.0710530441484
10,1975,18970.683967591576,Rest of the World,2008.5555617031714
11,1976,21120.848066985433,Rest of the World,2150.1640993938563
12,1977,23350.913237205084,Rest of the World,2230.065170219652
13,1978,25667.552219837875,Rest of the World,2316.6389826327904
14,1979,28076.02533105907,Rest of the World,2408.4731112211957
15,1980,30504.279468722718,Rest of the World,2428.2541376636473
16,1981,32909.09948729006,Rest of the World,2404.820018567345
17,1982,35323.84652692048,Rest of the World,2414.7470396304197
18,1983,37755.730700350134,Rest of the World,2431.884173429651
19,1984,40238.55037560339,Rest of the World,2482.819675253253
20,1985,43388.39399037932,Rest of the World,3149.843614775935
21,1986,46660.246155537556,Rest of the World,3271.852165158234
22,1987,50028.28868202364,Rest of the World,3368.0425264860824
23,1988,53493.44503485807,Rest of the World,3465.156352834434
24,1989,57047.60500851362,Rest of the World,3554.159973655551
25,1990,60670.09444107069,Rest of the World,3622.489432557064
26,1991,64274.89553800889,Rest of the World,3604.801096938201
27,1992,67934.07427954655,Rest of the World,3659.1787415376602
28,1993,71631.2084459371,Rest of the World,3697.1341663905478
29,1994,75409.77165748803,Rest of the World,3778.563211550936
30,1995,79301.30927416227,Rest of the World,3891.5376166742353
31,1996,83331.36739405087,Rest of the World,4030.0581198886066
32,1997,87453.88945734431,Rest of the World,4122.522063293436
33,1998,91592.12552402075,Rest of the World,4138.236066676443
34,1999,95724.54328928195,Rest of the World,4132.417765261198
35,2000,99966.18112743193,Rest of the World,4241.637838149982
36,2001,104330.49248012788,Rest of the World,4364.31135269595
37,2002,108778.92325963368,Rest of the World,4448.430779505798
38,2003,113408.82144025713,Rest of the World,4629.8981806234515
39,2004,118223.74080664871,Rest of the World,4814.919366391579
40,2005,123151.0373047989,Rest of the World,4927.296498150186
41,2006,128222.05525130568,Rest of the World,5071.017946506778
42,2007,133492.05039523586,Rest of the World,5269.99514393018
43,2008,138872.57936779285,Rest of the World,5380.528972556989
44,2009,144142.01773019673,Rest of the World,5269.438362403889
45,2010,149689.0794536092,Rest of the World,5547.06172341248
46,2011,155399.72730857678,Rest of the World,5710.647854967567
47,2012,161246.42965167505,Rest of the World,5846.702343098266
48,2013,167119.2481438566,Rest of the World,5872.818492181541
49,2014,173069.0635345308,Rest of the World,5949.815390674223
50,2015,179226.14687339784,Rest of the World,6157.083338867029
51,2016,185503.4896081121,Rest of the World,6277.3427347142715
52,2017,191909.60701764442,Rest of the World,6406.117409532308
53,2018,198515.9249875756,Rest of the World,6606.317969931173
54,2019,205200.39633283103,Rest of the World,6684.471345255442
55,2020,211362.35606886877,Rest of the World,6161.9597360377375
56,2021,217830.43254176303,Rest of the World,6468.0764728942595
57,1965,118.82150192270001,Australia,118.82150192270001
58,1966,243.89205909650002,Australia,125.0705571738
59,1967,376.2791936656,Australia,132.3871345691
60,1968,516.0054905021,Australia,139.7262968365
61,1969,660.3241387173607,Australia,144.31864821526065
62,1970,815.6011075883908,Australia,155.27696887103014
63,1971,976.8385012348504,Australia,161.23739364645954
64,1972,1145.0443138669693,Australia,168.20581263211886
65,1973,1323.6874369927618,Australia,178.64312312579258
66,1974,1512.6821019983904,Australia,188.99466500562863
67,1975,1704.5675932681377,Australia,191.8854912697473
68,1976,1902.9428241215683,Australia,198.37523085343045
69,1977,2111.3474101421543,Australia,208.40458602058618
70,1978,2326.4582036079078,Australia,215.11079346575352
71,1979,2549.606443046967,Australia,223.14823943905915
72,1980,2773.8679711767454,Australia,224.26152812977818
73,1981,3001.65060733243,Australia,227.78263615568488
74,1982,3228.4238037196687,Australia,226.77319638723867
75,1983,3446.4297034989645,Australia,218.00589977929556
76,1984,3673.2754328096175,Australia,226.8457293106533
77,1985,3906.0655067603984,Australia,232.79007395078068
78,1986,4143.793758628298,Australia,237.72825186789964
79,1987,4389.390481294451,Australia,245.59672266615286
80,1988,4646.4527583022045,Australia,257.0622770077535
81,1989,4916.789999562831,Australia,270.33724126062737
82,1990,5191.678482724316,Australia,274.8884831614849
83,1991,5466.457120144277,Australia,274.7786374199604
84,1992,5745.182528816228,Australia,278.72540867195147
85,1993,6028.461154046112,Australia,283.2786252298834
86,1994,6321.794980646471,Australia,293.33382660035954
87,1995,6629.4684065149695,Australia,307.6734258684983
88,1996,6947.520865015311,Australia,318.05245850034083
89,1997,7275.412897073022,Australia,327.8920320577111
90,1998,7612.80762971571,Australia,337.3947326426889
91,1999,7965.777515865386,Australia,352.96988614967546
92,2000,8320.836726646814,Australia,355.05921078142774
93,2001,8677.660579263955,Australia,356.8238526171418
94,2002,9041.062332564463,Australia,363.40175330050744
95,2003,9410.868977989736,Australia,369.8066454252731
96,2004,9793.722266325332,Australia,382.8532883355964
97,2005,10176.635207429856,Australia,382.912941104524
98,2006,10575.01476765797,Australia,398.37956022811375
99,2007,10981.754711773552,Australia,406.7399441155813
100,2008,11399.125237971792,Australia,417.37052619823953
101,2009,11807.937929749089,Australia,408.81269177729814
102,2010,12209.917057343151,Australia,401.97912759406205
103,2011,12616.700376679686,Australia,406.78331933653544
104,2012,13014.796691494614,Australia,398.09631481492784
105,2013,13409.798975459726,Australia,395.0022839651107
106,2014,13808.318690984428,Australia,398.51971552470263
107,2015,14215.543996337869,Australia,407.2253053534399
108,2016,14621.125981714276,Australia,405.5819853764095
109,2017,15024.86188652366,Australia,403.7359048093823
110,2018,15426.375615166477,Australia,401.51372864281706
111,2019,15832.944146787997,Australia,406.56853162152015
112,2020,16211.183429281653,Australia,378.2392824936558
113,2021,16580.616230557815,Australia,369.43280127616225
114,1965,51.522214840475684,Brazil,51.522214840475684
115,1966,107.68844869683272,Brazil,56.16623385635704
116,1967,165.69985517992495,Brazil,58.01140648309224
117,1968,233.84641003586287,Brazil,68.14655485593791
118,1969,308.1038295770861,Brazil,74.25741954122327
119,1970,391.98398988191894,Brazil,83.88016030483281
120,1971,484.15466026817194,Brazil,92.17067038625301
121,1972,587.7002218499304,Brazil,103.54556158175842
122,1973,711.3121402800408,Brazil,123.6119184301104
123,1974,844.6738435614687,Brazil,133.36170328142794
124,1975,983.8959907995848,Brazil,139.22214723811595
125,1976,1133.3918202779323,Brazil,149.4958294783476
126,1977,1289.4184834905604,Brazil,156.0266632126282
127,1978,1457.8106601966115,Brazil,168.39217670605112
128,1979,1634.1907639029255,Brazil,176.3801037063139
129,1980,1809.9599877650642,Brazil,175.76922386213863
130,1981,1977.280554958743,Brazil,167.32056719367904
131,1982,2145.173559591121,Brazil,167.8930046323777
132,1983,2307.8776977672687,Brazil,162.70413817614806
133,1984,2477.5677555397674,Brazil,169.6900577724985
134,1985,2654.4094004398908,Brazil,176.84164490012324
135,1986,2846.1391888550593,Brazil,191.7297884151684
136,1987,3043.736101025278,Brazil,197.5969121702188
137,1988,3244.869694625566,Brazil,201.13359360028787
138,1989,3449.9749015369985,Brazil,205.1052069114327
139,1990,3646.5619482506763,Brazil,196.587046713678
140,1991,3852.513489519652,Brazil,205.9515412689757
141,1992,4068.8544175881134,Brazil,216.3409280684612
142,1993,4296.077841343289,Brazil,227.22342375517542
143,1994,4533.293310632805,Brazil,237.2154692895162
144,1995,4784.956389183666,Brazil,251.66307855086092
145,1996,5055.760022210498,Brazil,270.8036330268327
146,1997,5339.686021159028,Brazil,283.9259989485299
147,1998,5634.167227191979,Brazil,294.4812060329501
148,1999,5931.637751470144,Brazil,297.4705242781654
149,2000,6233.766508345201,Brazil,302.1287568750569
150,2001,6545.264249884997,Brazil,311.4977415397966
151,2002,6857.331993668728,Brazil,312.06774378372984
152,2003,7166.242230140069,Brazil,308.91023647134216
153,2004,7489.344307747468,Brazil,323.1020776073981
154,2005,7819.532710678721,Brazil,330.1884029312535
155,2006,8155.22543027672,Brazil,335.69271959799846
156,2007,8505.348636726583,Brazil,350.1232064498643
157,2008,8878.29058850214,Brazil,372.9419517755556
158,2009,9229.079112452391,Brazil,350.7885239502516
159,2010,9628.485952914973,Brazil,399.4068404625823
160,2011,10052.69497568027,Brazil,424.20902276529694
161,2012,10497.21098233237,Brazil,444.5160066520991
162,2013,10980.22183717979,Brazil,483.0108548474212
163,2014,11485.43041945894,Brazil,505.20858227914914
164,2015,11962.049693384883,Brazil,476.6192739259427
165,2016,12402.820735880334,Brazil,440.7710424954521
166,2017,12849.194970428183,Brazil,446.37423454784863
167,2018,13276.75866982154,Brazil,427.5636993933573
168,2019,13701.883907856229,Brazil,425.1252380346885
169,2020,14092.387059904553,Brazil,390.5031520483242
170,2021,14528.996033560417,Brazil,436.6089736558639
171,1965,260.3284936282468,Canada,260.3284936282468
172,1966,532.0236281827822,Canada,271.69513455453546
173,1967,817.566693078314,Canada,285.5430648955317
174,1968,1125.8488667211013,Canada,308.2821736427874
175,1969,1446.3046683852865,Canada,320.4558016641852
176,1970,1791.2162339264955,Canada,344.91156554120903
177,1971,2142.8041376793794,Canada,351.5879037528839
178,1972,2510.7862896049533,Canada,367.9821519255739
179,1973,2904.5109774324687,Canada,393.72468782751554
180,1974,3304.694103596626,Canada,400.1831261641571
181,1975,3702.7596461473086,Canada,398.06554255068255
182,1976,4115.639915060683,Canada,412.88026891337466
183,1977,4552.029394471184,Canada,436.3894794105004
184,1978,4976.623107529651,Canada,424.59371305846724
185,1979,5407.3320970077875,Canada,430.70898947813623
186,1980,5847.913842849555,Canada,440.5817458417677
187,1981,6268.583923250622,Canada,420.67008040106765
188,1982,6675.549255494543,Canada,406.9653322439204
189,1983,7063.53671920228,Canada,387.9874637077377
190,1984,7471.963370699695,Canada,408.42665149741424
191,1985,7875.436451992506,Canada,403.4730812928109
192,1986,8268.821665820578,Canada,393.38521382807176
193,1987,8675.5467616823,Canada,406.7250958617234
194,1988,9112.928957635519,Canada,437.3821959532176
195,1989,9570.311309348852,Canada,457.3823517133336
196,1990,10015.141758910888,Canada,444.8304495620365
197,1991,10443.13255377103,Canada,427.9907948601425
198,1992,10885.073754441242,Canada,441.9412006702119
199,1993,11323.519224426733,Canada,438.44546998548896
200,1994,11776.672511493838,Canada,453.15328706710625
201,1995,12248.156166059194,Canada,471.4836545653555
202,1996,12728.716549446373,Canada,480.56038338718065
203,1997,13222.701323726931,Canada,493.9847742805567
204,1998,13731.038571268586,Canada,508.33724754165394
205,1999,14244.269087511295,Canada,513.2305162427105
206,2000,14777.374946758093,Canada,533.1058592467979
207,2001,15313.211697636034,Canada,535.83675087794
208,2002,15861.865365051854,Canada,548.6536674158207
209,2003,16419.629799523256,Canada,557.7644344714033
210,2004,16974.93680640678,Canada,555.3070068835218
211,2005,17529.96207959381,Canada,555.0252731870296
212,2006,18077.952599782006,Canada,547.9905201881962
213,2007,18652.945366243413,Canada,574.9927664614075
214,2008,19212.412358924288,Canada,559.466992680874
215,2009,19744.010016562566,Canada,531.5976576382817
216,2010,20290.28129515152,Canada,546.271278588952
217,2011,20840.527671546242,Canada,550.2463763947217
218,2012,21387.00976285369,Canada,546.4820913074471
219,2013,21947.736399138525,Canada,560.7266362848367
220,2014,22514.164586731353,Canada,566.4281875928256
221,2015,23080.350481471596,Canada,566.1858947402466
222,2016,23628.0458809685,Canada,547.6953994969015
223,2017,24191.772025785653,Canada,563.7261448171522
224,2018,24765.27159324051,Canada,573.4995674548587
225,2019,25336.574901794327,Canada,571.3033085538186
226,2020,25853.891877812413,Canada,517.3169760180859
227,2021,26381.25922980379,Canada,527.3673519913748
228,1965,488.5254189209301,China,488.5254189209301
229,1966,1018.8744634544196,China,530.3490445334894
230,1967,1494.7951372521886,China,475.92067379776904
231,1968,1971.4779275982178,China,476.6827903460292
232,1969,2553.9516277245184,China,582.4737001263009
233,1970,3302.4587579873732,China,748.5071302628548
234,1971,4184.159913631056,China,881.7011556436823
235,1972,5129.536638068568,China,945.3767244375122
236,1973,6116.538938641137,China,987.0023005725692
237,1974,7123.307473161785,China,1006.7685345206478
238,1975,8254.580262184609,China,1131.2727890228239
239,1976,9437.721654437812,China,1183.1413922532035
240,1977,10731.269765013856,China,1293.548110576044
241,1978,12149.80235176122,China,1418.532586747363
242,1979,13608.2565725085,China,1458.4542207472805
243,1980,15069.12533210792,China,1460.8687595994213
244,1981,16507.399642234413,China,1438.274310126494
245,1982,18009.42660865884,China,1502.0269664244233
246,1983,19606.089648277917,China,1596.6630396190794
247,1984,21328.11709903368,China,1722.0274507557617
248,1985,23149.854566814203,China,1821.7374677805224
249,1986,25053.461648349705,China,1903.6070815355015
250,1987,27101.569607447487,China,2048.1079590977843
251,1988,29298.38531211223,China,2196.8157046647434
252,1989,31593.42930923203,China,2295.0439971197993
253,1990,33902.2220273013,China,2308.7927180692673
254,1991,36342.17642672195,China,2439.954399420648
255,1992,38904.93259174257,China,2562.75616502062
256,1993,41674.546984968765,China,2769.614393226199
257,1994,44595.90452974688,China,2921.357544778109
258,1995,47605.06792499241,China,3009.1633952455327
259,1996,50761.72306870545,China,3156.6551437130406
260,1997,53904.05446821918,China,3142.331399513736
261,1998,57043.86246077826,China,3139.8079925590823
262,1999,60312.3363632613,China,3268.4739024830374
263,2000,63640.32033980726,China,3327.9839765459546
264,2001,67130.0475582385,China,3489.7272184312355
265,2002,70939.31153181187,China,3809.2639735733774
266,2003,75433.44747486575,China,4494.135943053884
267,2004,80750.61524208447,China,5317.16776721872
268,2005,86829.87473810546,China,6079.259496020978
269,2006,93489.84836101117,China,6659.973622905726
270,2007,100706.9874562367,China,7217.139095225524
271,2008,108063.5473401729,China,7356.559883936194
272,2009,115748.56743387532,China,7685.020093702419
273,2010,123870.255167373,China,8121.687733497693
274,2011,132663.74622520167,China,8793.491057828665
275,2012,141642.48491512984,China,8978.73868992817
276,2013,150861.58422580434,China,9219.09931067451
277,2014,160118.2643310331,China,9256.680105228761
278,2015,169344.466700321,China,9226.202369287897
279,2016,178578.88275535722,China,9234.416055036218
280,2017,188023.75341939955,China,9444.87066404231
281,2018,197699.73884185695,China,9675.985422457408
282,2019,207568.2646496093,China,9868.525807752367
283,2020,217542.53599674156,China,9974.271347132231
284,2021,228065.5620389338,China,10523.026042192267
285,1965,329.4457042845905,France,329.4457042845905
286,1966,660.4222941225531,France,330.97658983796265
287,1967,1016.3572470376153,France,355.93495291506207
288,1968,1385.6369506234505,France,369.27970358583536
289,1969,1790.043001346328,France,404.4060507228776
290,1970,2223.7770270388273,France,433.73402569249913
291,1971,2677.347011677617,France,453.5699846387896
292,1972,3155.1329652404224,France,477.7859535628057
293,1973,3673.949862299485,France,518.8168970590624
294,1974,4174.427359590907,France,500.47749729142237
295,1975,4631.539631257785,France,457.1122716668781
296,1976,5141.125435214657,France,509.5858039568713
297,1977,5634.202257946994,France,493.0768227323373
298,1978,6131.857755257682,France,497.65549731068774
299,1979,6642.027473502453,France,510.16971824477184
300,1980,7127.062623324481,France,485.03514982202796
301,1981,7568.890751803371,France,441.8281284788897
302,1982,7987.477989231735,France,418.587237428363
303,1983,8390.280712978461,France,402.80272374672734
304,1984,8777.974864000722,France,387.6941510222603
305,1985,9159.792531144136,France,381.81766714341404
306,1986,9529.706644148917,France,369.91411300478114
307,1987,9892.080473191774,France,362.37382904285664
308,1988,10251.219008912658,France,359.1385357208842
309,1989,10621.715980986466,France,370.4969720738079
310,1990,10988.957222038429,France,367.2412410519632
311,1991,11379.621924456265,France,390.664702417836
312,1992,11759.06509588881,France,379.44317143254517
313,1993,12121.095179933602,France,362.03008404479203
314,1994,12469.837989040423,France,348.74280910682097
315,1995,12825.999350809272,France,356.1613617688484
316,1996,13198.535029562892,France,372.53567875361983
317,1997,13559.6927741842,France,361.1577446213071
318,1998,13944.55689750209,France,384.8641233178914
319,1999,14328.919943616786,France,384.36304611469615
320,2000,14710.419721269443,France,381.4997776526581
321,2001,15093.827186862947,France,383.4074655935026
322,2002,15473.957646587458,France,380.1304597245107
323,2003,15861.12058282607,France,387.16293623861225
324,2004,16250.229184457112,France,389.10860163104144
325,2005,16639.99992480773,France,389.77074035061884
326,2006,17020.051750031314,France,380.0518252235839
327,2007,17390.516222400896,France,370.46447236958085
328,2008,17760.26300372991,France,369.74678132901363
329,2009,18115.06586731431,France,354.80286358440515
330,2010,18475.428028182498,France,360.36216086818246
331,2011,18809.575525252847,France,334.14749707034997
332,2012,19145.13881213411,France,335.5632868812644
333,2013,19480.067443036845,France,334.92863090273477
334,2014,19781.576081744268,France,301.5086387074239
335,2015,20089.058598368298,France,307.48251662402765
336,2016,20402.14402599298,France,313.0854276246825
337,2017,20719.962331880648,France,317.8183058876699
338,2018,21026.65630764044,France,306.6939757597942
339,2019,21325.943395059134,France,299.2870874186887
340,2020,21577.49350925367,France,251.5501141945378
341,2021,21851.045065719427,France,273.5515564657559
342,1965,910.4138464407083,Germany,910.4138464407083
343,1966,1811.451644454541,Germany,901.0377980138328
344,1967,2703.867764934519,Germany,892.4161204799782
345,1968,3648.6231578959632,Germany,944.7553929614439
346,1969,4660.547529096707,Germany,1011.9243712007434
347,1970,5703.941797758297,Germany,1043.3942686615903
348,1971,6749.063071787379,Germany,1045.1212740290819
349,1972,7816.389775125634,Germany,1067.3267033382542
350,1973,8932.8141708024,Germany,1116.424395676766
351,1974,10018.134640308068,Germany,1085.3204695056695
352,1975,11043.434347548164,Germany,1025.299707240095
353,1976,12136.84612071997,Germany,1093.4117731718065
354,1977,13209.359742494325,Germany,1072.513621774355
355,1978,14262.105239034247,Germany,1052.7454965399209
356,1979,15366.30031757453,Germany,1104.1950785402844
357,1980,16444.11090643116,Germany,1077.8105888566306
358,1981,17488.014080220473,Germany,1043.9031737893115
359,1982,18491.347311132027,Germany,1003.3332309115536
360,1983,19509.297988492333,Germany,1017.9506773603072
361,1984,20547.632995976554,Germany,1038.3350074842213
362,1985,21593.44690426765,Germany,1045.8139082910973
363,1986,22630.714230430898,Germany,1037.2673261632472
364,1987,23662.145510397608,Germany,1031.4312799667077
365,1988,24679.16087192441,Germany,1017.0153615268052
366,1989,25682.975966670696,Germany,1003.8150947462854
367,1990,26690.581848031325,Germany,1007.6058813606267
368,1991,27660.285058296555,Germany,969.7032102652292
369,1992,28584.00084471277,Germany,923.7157864162161
370,1993,29500.273280960915,Germany,916.2724362481443
371,1994,30397.204792380086,Germany,896.9315114191718
372,1995,31286.605761255098,Germany,889.400968875013
373,1996,32201.45029887827,Germany,914.8445376231701
374,1997,33089.44365420749,Germany,887.9933553292259
375,1998,33968.47983852572,Germany,879.0361843182287
376,1999,34824.39530940935,Germany,855.9154708836261
377,2000,35678.82362341388,Germany,854.4283140045347
378,2001,36550.496177374866,Germany,871.6725539609845
379,2002,37409.54349535437,Germany,859.0473179795054
380,2003,38271.53490811486,Germany,861.9914127604876
381,2004,39119.06067483928,Germany,847.5257667244227
382,2005,39945.3783048692,Germany,826.3176300299153
383,2006,40789.15545289808,Germany,843.7771480288787
384,2007,41600.22365805904,Germany,811.0682051609639
385,2008,42409.59207149801,Germany,809.3684134389683
386,2009,43163.18192285025,Germany,753.5898513522395
387,2010,43946.34518309148,Germany,783.1632602412282
388,2011,44710.03509695058,Germany,763.6899138591006
389,2012,45483.036360645565,Germany,773.0012636949873
390,2013,46280.60790362827,Germany,797.5715429827006
391,2014,47031.68872106282,Germany,751.0808174345498
392,2015,47787.31971933245,Germany,755.6309982696362
393,2016,48557.776897912925,Germany,770.4571785804729
394,2017,49318.725549884664,Germany,760.9486519717361
395,2018,50051.837734924185,Germany,733.1121850395228
396,2019,50731.9137762673,Germany,680.0760413431141
397,2020,51332.6987768822,Germany,600.7850006148996
398,2021,51961.59376487555,Germany,628.8949879933527
399,1965,167.4509926325685,India,167.4509926325685
400,1966,337.4754725868166,India,170.02447995424808
401,1967,511.9455718175353,India,174.47009923071872
402,1968,694.4863737737589,India,182.54080195622367
403,1969,891.962807029193,India,197.476433255434
404,1970,1081.8588691616587,India,189.8960621324658
405,1971,1288.4443150161921,India,206.58544585453333
406,1972,1507.0120830942064,India,218.56776807801435
407,1973,1726.0274069729699,India,219.0153238787633
408,1974,1964.6239223168234,India,238.59651534385355
409,1975,2218.03014306364,India,253.40622074681653
410,1976,2481.874074419221,India,263.84393135558116
411,1977,2759.498429336523,India,277.6243549173019
412,1978,3036.057951305752,India,276.55952196922897
413,1979,3331.9758850022313,India,295.9179336964796
414,1980,3642.301788141117,India,310.3259031388854
415,1981,3982.1358904383123,India,339.8341022971957
416,1982,4323.912472090167,India,341.7765816518546
417,1983,4688.521150218544,India,364.60867812837654
418,1984,5074.5248803921895,India,386.003730173646
419,1985,5483.529404672661,India,409.0045242804712
420,1986,5921.464525180292,India,437.9351205076316
421,1987,6396.259594961526,India,474.7950697812337
422,1988,6908.009936423914,India,511.7503414623875
423,1989,7466.979797149215,India,558.9698607253013
424,1990,8069.043806104334,India,602.0640089551196
425,1991,8703.924505373827,India,634.8806992694922
426,1992,9375.840894958592,India,671.916389584766
427,1993,10069.885835805684,India,694.0449408470921
428,1994,10794.672372087389,India,724.7865362817046
429,1995,11568.089093527802,India,773.4167214404133
430,1996,12380.541744273303,India,812.4526507455012
431,1997,13235.518544846575,India,854.9768005732708
432,1998,14131.215960516387,India,895.6974156698129
433,1999,15045.521735283166,India,914.3057747667782
434,2000,16005.300135308937,India,959.7784000257705
435,2001,16973.94337723672,India,968.6432419277813
436,2002,17982.524671876956,India,1008.5812946402369
437,2003,19031.90703275619,India,1049.3823608792338
438,2004,20144.023685568074,India,1112.1166528118856
439,2005,21344.269109465076,India,1200.245423897003
440,2006,22596.127768447797,India,1251.8586589827216
441,2007,23958.810477951076,India,1362.682709503278
442,2008,25420.781287099686,India,1461.9708091486107
443,2009,27014.93585949876,India,1594.1545723990728
444,2010,28663.248586997546,India,1648.3127274987876
445,2011,30391.599094016754,India,1728.3505070192073
446,2012,32252.994153982647,India,1861.3950599658904
447,2013,34186.95846901672,India,1933.964315034074
448,2014,36277.68732163333,India,2090.728852616615
449,2015,38424.22519415553,India,2146.537872522198
450,2016,40665.719475211605,India,2241.494281056076
451,2017,42985.95927992877,India,2320.239804717166
452,2018,45428.556639055896,India,2442.597359127122
453,2019,47894.33456271556,India,2465.777923659664
454,2020,50175.575680889255,India,2281.241118173695
455,2021,52728.40851443228,India,2552.832833543024
456,1965,21.226315119451453,Iran,21.226315119451453
457,1966,44.66042889390288,Iran,23.43411377445143
458,1967,70.77532020350154,Iran,26.114891309598658
459,1968,99.81918786697804,Iran,29.0438676634765
460,1969,131.9319899365961,Iran,32.11280206961806
461,1970,169.68115705441528,Iran,37.749167117819184
462,1971,210.55218158015694,Iran,40.871024525741646
463,1972,256.65233896867926,Iran,46.100157388522355
464,1973,313.15854518921776,Iran,56.50620622053845
465,1974,376.44680350216595,Iran,63.28825831294819
466,1975,450.841866097325,Iran,74.3950625951591
467,1976,535.8531559812931,Iran,85.01128988396803
468,1977,631.9042577239663,Iran,96.05110174267331
469,1978,725.2463112282783,Iran,93.34205350431195
470,1979,827.2888896612275,Iran,102.04257843294916
471,1980,922.368889264066,Iran,95.07999960283841
472,1981,1019.4329637327577,Iran,97.06407446869183
473,1982,1128.864851347873,Iran,109.43188761511526
474,1983,1259.0245666223873,Iran,130.15971527451424
475,1984,1399.843498066157,Iran,140.81893144376986
476,1985,1553.6599396274746,Iran,153.81644156131756
477,1986,1697.4102129595537,Iran,143.7502733320791
478,1987,1850.121243822352,Iran,152.7110308627981
479,1988,2004.5224238557569,Iran,154.40118003340496
480,1989,2173.612054703389,Iran,169.08963084763187
481,1990,2355.3865492517007,Iran,181.77449454831176
482,1991,2556.857690769968,Iran,201.47114151826747
483,1992,2774.693178551255,Iran,217.83548778128724
484,1993,2977.401568352451,Iran,202.70838980119558
485,1994,3204.8298069350553,Iran,227.4282385826048
486,1995,3441.4199278452525,Iran,236.59012091019716
487,1996,3692.4738456430005,Iran,251.05391779774774
488,1997,3952.2409747408688,Iran,259.7671290978683
489,1998,4220.132846086199,Iran,267.8918713453298
490,1999,4509.681312051837,Iran,289.5484659656386
491,2000,4814.573610804849,Iran,304.89229875301174
492,2001,5138.463635186432,Iran,323.8900243815832
493,2002,5489.4015211192645,Iran,350.9378859328321
494,2003,5844.3777286618915,Iran,354.9762075426275
495,2004,6231.463762199378,Iran,387.08603353748634
496,2005,6640.5556411507505,Iran,409.0918789513721
497,2006,7084.010165144397,Iran,443.4545239936474
498,2007,7553.549251161761,Iran,469.5390860173638
499,2008,8041.958593646957,Iran,488.4093424851956
500,2009,8537.454381839194,Iran,495.49578819223717
501,2010,9042.300265737711,Iran,504.84588389851734
502,2011,9559.337890032766,Iran,517.0376242950546
503,2012,10082.00262974218,Iran,522.6647397094129
504,2013,10627.198072517795,Iran,545.195442775615
505,2014,11184.37639130843,Iran,557.1783187906359
506,2015,11735.343284375722,Iran,550.9668930672926
507,2016,12305.143048264814,Iran,569.7997638890905
508,2017,12886.277223222953,Iran,581.1341749581403
509,2018,13492.327812891499,Iran,606.0505896685464
510,2019,14120.400420170454,Iran,628.0726072789547
511,2020,14765.81652424247,Iran,645.4161040720145
512,2021,15426.324457259181,Iran,660.5079330167116
513,1965,204.86931277739433,Italy,204.86931277739433
514,1966,427.5515354198648,Italy,222.6822226424705
515,1967,673.7335997240231,Italy,246.18206430415827
516,1968,940.2016743210448,Italy,266.46807459702177
517,1969,1228.4742953595382,Italy,288.2726210384935
518,1970,1548.88348522268,Italy,320.4091898631418
519,1971,1891.1941632842022,Italy,342.31067806152197
520,1972,2248.9538955173643,Italy,357.7597322331623
521,1973,2623.7879416306523,Italy,374.83404611328774
522,1974,2998.7191732456376,Italy,374.9312316149854
523,1975,3367.462461231912,Italy,368.74328798627437
524,1976,3751.809024777764,Italy,384.34656354585195
525,1977,4130.546677499574,Italy,378.7376527218098
526,1978,4507.704517144156,Italy,377.1578396445824
527,1979,4896.549147961217,Italy,388.8446308170617
528,1980,5279.7336760073495,Italy,383.1845280461316
529,1981,5653.783940521909,Italy,374.0502645145597
530,1982,6024.368797883378,Italy,370.5848573614688
531,1983,6377.50034454376,Italy,353.1315466603821
532,1984,6732.955741868403,Italy,355.4553973246426
533,1985,7087.345809194088,Italy,354.39006732568595
534,1986,7449.900192754295,Italy,362.5543835602066
535,1987,7828.059129526708,Italy,378.1589367724122
536,1988,8211.90791084785,Italy,383.84878132114403
537,1989,8615.12467591445,Italy,403.2167650665998
538,1990,9018.905421281925,Italy,403.7807453674734
539,1991,9426.100192523387,Italy,407.19477124146204
540,1992,9829.71637608582,Italy,403.61618356243446
541,1993,10226.225414881468,Italy,396.509038795647
542,1994,10619.60389777827,Italy,393.37848289680124
543,1995,11032.719479739548,Italy,413.11558196127874
544,1996,11440.582338750148,Italy,407.862859010599
545,1997,11855.043641935112,Italy,414.46130318496546
546,1998,12281.357229249208,Italy,426.31358731409574
547,1999,12708.570389147822,Italy,427.2131598986136
548,2000,13142.94889213188,Italy,434.37850298405823
549,2001,13572.46527472846,Italy,429.5163825965807
550,2002,14005.476532038287,Italy,433.0112573098254
551,2003,14456.2849527268,Italy,450.8084206885153
552,2004,14924.576399788628,Italy,468.2914470618261
553,2005,15394.77302527533,Italy,470.19662548670175
554,2006,15861.853637632283,Italy,467.0806123569533
555,2007,16319.887566352309,Italy,458.0339287200256
556,2008,16762.365498740237,Italy,442.4779323879299
557,2009,17153.900872684335,Italy,391.5353739440953
558,2010,17551.017012230917,Italy,397.11613954658515
559,2011,17939.563826764756,Italy,388.5468145338364
560,2012,18310.54953149221,Italy,370.9857047274543
561,2013,18651.92161387965,Italy,341.37208238744023
562,2014,18970.714577559003,Italy,318.7929636793542
563,2015,19305.09027978316,Italy,334.3757022241554
564,2016,19636.492022301813,Italy,331.40174251865517
565,2017,19971.953157774708,Italy,335.46113547289394
566,2018,20308.035517814216,Italy,336.0823600395067
567,2019,20636.588865306374,Italy,328.5533474921587
568,2020,20920.383856886834,Italy,283.79499158046127
569,2021,21231.553357754543,Italy,311.16950086770834
570,1965,446.89827084320245,Japan,446.89827084320245
571,1966,939.7123207411227,Japan,492.8140498979202
572,1967,1517.8667825264915,Japan,578.154461785369
573,1968,2159.508856557716,Japan,641.6420740312243
574,1969,2890.9847294844476,Japan,731.4758729267314
575,1970,3701.5045396933333,Japan,810.5198102088858
576,1971,4546.851090980588,Japan,845.3465512872552
577,1972,5427.763967616045,Japan,880.912876635457
578,1973,6422.74293581693,Japan,994.9789682008843
579,1974,7408.436204770387,Japan,985.6932689534572
580,1975,8331.993124391236,Japan,923.5569196208492
581,1976,9283.189606326121,Japan,951.1964819348857
582,1977,10243.842846347741,Japan,960.6532400216194
583,1978,11168.117243037865,Japan,924.274396690123
584,1979,12117.769181461135,Japan,949.6519384232712
585,1980,13038.484806851127,Japan,920.7156253899927
586,1981,13953.2244793877,Japan,914.739672536571
587,1982,14816.822851174724,Japan,863.5983717870256
588,1983,15680.83384249044,Japan,864.0109913157153
589,1984,16633.479390440833,Japan,952.6455479503928
590,1985,17563.93208630373,Japan,930.4526958628937
591,1986,18483.735153569556,Japan,919.8030672658289
592,1987,19411.342902043503,Japan,927.6077484739485
593,1988,20410.631734370272,Japan,999.2888323267689
594,1989,21436.121772502323,Japan,1025.4900381320508
595,1990,22520.23896162481,Japan,1084.1171891224883
596,1991,23621.073959110458,Japan,1100.8349974856462
597,1992,24734.345336123642,Japan,1113.2713770131854
598,1993,25841.829249567236,Japan,1107.4839134435917
599,1994,27013.31919408244,Japan,1171.489944515205
600,1995,28200.794966616086,Japan,1187.4757725336467
601,1996,29409.34492734678,Japan,1208.5499607306954
602,1997,30616.906432742726,Japan,1207.5615053959423
603,1998,31792.715511165803,Japan,1175.8090784230792
604,1999,33000.65406023957,Japan,1207.9385490737636
605,2000,34230.652231452674,Japan,1229.998171213103
606,2001,35454.201691015725,Japan,1223.5494595630532
607,2002,36688.55984732919,Japan,1234.358156313467
608,2003,37962.87743235483,Japan,1274.3175850256396
609,2004,39221.307408476714,Japan,1258.4299761218865
610,2005,40512.92572126026,Japan,1291.6183127835473
611,2006,41781.90385755012,Japan,1268.9781362898545
612,2007,43064.5281606579,Japan,1282.624303107783
613,2008,44357.59541518176,Japan,1293.0672545238535
614,2009,45481.671574678614,Japan,1124.076159496859
615,2010,46677.58511182351,Japan,1195.9135371448947
616,2011,47885.04953650906,Japan,1207.4644246855494
617,2012,49178.84226409882,Japan,1293.7927275897662
618,2013,50461.03000328878,Japan,1282.18773918996
619,2014,51709.68406959259,Japan,1248.654066303812
620,2015,52918.83003164973,Japan,1209.1459620571372
621,2016,54108.08524810196,Japan,1189.2552164522278
622,2017,55290.8294732452,Japan,1182.7442251432394
623,2018,56452.35170303287,Japan,1161.522229787672
624,2019,57574.056802837855,Japan,1121.7050998049842
625,2020,58603.576317821404,Japan,1029.5195149835495
626,2021,59657.27727919335,Japan,1053.7009613719438
627,1965,62.13332884407855,Mexico,62.13332884407855
628,1966,127.18900190505192,Mexico,65.05567306097338
629,1967,193.83650002529413,Mexico,66.64749812024222
630,1968,266.00741108859296,Mexico,72.17091106329883
631,1969,345.1141269449056,Mexico,79.10671585631262
632,1970,429.2863065937462,Mexico,84.1721796488406
633,1971,518.7479569810067,Mexico,89.46165038726052
634,1972,618.4158369981834,Mexico,99.66788001717669
635,1973,726.0898616741777,Mexico,107.67402467599425
636,1974,846.9491653606822,Mexico,120.85930368650455
637,1975,978.0808841174212,Mexico,131.13171875673893
638,1976,1116.9535177161354,Mexico,138.87263359871432
639,1977,1263.4831125147466,Mexico,146.52959479861119
640,1978,1428.627057940459,Mexico,165.14394542571247
641,1979,1608.8571962377268,Mexico,180.23013829726767
642,1980,1806.9811956840733,Mexico,198.12399944634657
643,1981,2017.945652171161,Mexico,210.96445648708766
644,1982,2239.2833390491683,Mexico,221.33768687800722
645,1983,2457.110407343474,Mexico,217.82706829430595
646,1984,2683.639739622168,Mexico,226.52933227869343
647,1985,2917.534842921102,Mexico,233.8951032989347
648,1986,3147.9078406808526,Mexico,230.37299775975032
649,1987,3387.840569853069,Mexico,239.9327291722163
650,1988,3628.7979274114664,Mexico,240.9573575583973
651,1989,3882.6698715196194,Mexico,253.87194410815312
652,1990,4150.377274995709,Mexico,267.7074034760895
653,1991,4427.494427963143,Mexico,277.1171529674342
654,1992,4707.482285878102,Mexico,279.98785791495845
655,1993,4991.451488048355,Mexico,283.9692021702533
656,1994,5299.068598239473,Mexico,307.61711019111885
657,1995,5593.924700707824,Mexico,294.8561024683502
658,1996,5900.222946094223,Mexico,306.29824538639906
659,1997,6220.1504359182845,Mexico,319.92748982406124
660,1998,6557.241086055574,Mexico,337.0906501372895
661,1999,6891.14438568672,Mexico,333.9032996311459
662,2000,7244.991581073135,Mexico,353.8471953864155
663,2001,7597.340704154612,Mexico,352.3491230814767
664,2002,7968.914518021438,Mexico,371.5738138668262
665,2003,8341.76761250438,Mexico,372.8530944829416
666,2004,8732.206453883799,Mexico,390.438841379419
667,2005,9148.7948906584,Mexico,416.5884367746028
668,2006,9576.134382336988,Mexico,427.33949167858657
669,2007,10005.735482154752,Mexico,429.60109981776384
670,2008,10437.9703961107,Mexico,432.2349139559491
671,2009,10871.515067511664,Mexico,433.54467140096324
672,2010,11314.128587647589,Mexico,442.6135201359238
673,2011,11779.973552496187,Mexico,465.84496484859983
674,2012,12253.946552405516,Mexico,473.9729999093278
675,2013,12726.783920709702,Mexico,472.83736830418616
676,2014,13186.420514108642,Mexico,459.6365933989402
677,2015,13649.542462482885,Mexico,463.1219483742425
678,2016,14118.332094651923,Mexico,468.7896321690385
679,2017,14595.278990789726,Mexico,476.9468961378037
680,2018,15063.5022101108,Mexico,468.22321932107354
681,2019,15512.81504423402,Mexico,449.31283412321847
682,2020,15870.497457158232,Mexico,357.6824129242133
683,2021,16244.255171569013,Mexico,373.7577144107819
684,1965,252.9602559933359,Poland,252.9602559933359
685,1966,510.20387294897614,Poland,257.2436169556403
686,1967,773.7057213565446,Poland,263.50184840756845
687,1968,1055.259623001714,Poland,281.55390164516945
688,1969,1354.2788837702708,Poland,299.0192607685567
689,1970,1667.0679017913537,Poland,312.78901802108305
690,1971,1988.9472818639147,Poland,321.87938007256076
691,1972,2328.3690053105565,Poland,339.4217234466421
692,1973,2671.0652457456713,Poland,342.6962404351145
693,1974,3023.1834956731304,Poland,352.11824992745943
694,1975,3403.236493515992,Poland,380.05299784286143
695,1976,3803.8656734661427,Poland,400.62917995015073
696,1977,4221.235613834775,Poland,417.3699403686326
697,1978,4658.7034806295305,Poland,437.46786679475485
698,1979,5102.493137504912,Poland,443.78965687538147
699,1980,5568.3570563714875,Poland,465.8639188665758
700,1981,5987.688475096874,Poland,419.3314187253866
701,1982,6416.2963964639575,Poland,428.6079213670836
702,1983,6845.94516935717,Poland,429.6487728932124
703,1984,7293.258234488542,Poland,447.3130651313722
704,1985,7750.930096892077,Poland,457.6718624035351
705,1986,8220.315874774094,Poland,469.3857778820172
706,1987,8705.917373081315,Poland,485.6014983072209
707,1988,9180.716006534514,Poland,474.7986334531995
708,1989,9637.353974682697,Poland,456.63796814818323
709,1990,10010.85514647095,Poland,373.50117178825343
710,1991,10379.300859915858,Poland,368.44571344490697
711,1992,10732.424018113765,Poland,353.1231581979061
712,1993,11084.657632517308,Poland,352.23361440354347
713,1994,11418.954934964662,Poland,334.2973024473539
714,1995,11760.290703302764,Poland,341.335768338102
715,1996,12115.336390498884,Poland,355.04568719611996
716,1997,12465.83397056728,Poland,350.4975800683969
717,1998,12796.717174536216,Poland,330.88320396893545
718,1999,13120.499890542696,Poland,323.78271600647963
719,2000,13420.275399166465,Poland,299.7755086237694
720,2001,13718.12915371512,Poland,297.85375454865317
721,2002,14012.542861238311,Poland,294.4137075231918
722,2003,14316.05881634547,Poland,303.51595510715947
723,2004,14617.957738825477,Poland,301.89892248000706
724,2005,14925.199514644148,Poland,307.2417758186706
725,2006,15245.934245925717,Poland,320.73473128156866
726,2007,15563.421212397743,Poland,317.48696647202706
727,2008,15882.945566928876,Poland,319.5243545311328
728,2009,16188.258633586318,Poland,305.31306665744165
729,2010,16512.080943886867,Poland,323.82231030054913
730,2011,16836.092226500954,Poland,324.01128261408786
731,2012,17144.21738889622,Poland,308.1251623952644
732,2013,17454.61239953254,Poland,310.3950106363215
733,2014,17747.95007409361,Poland,293.33767456106864
734,2015,18041.274634729507,Poland,293.32456063589854
735,2016,18347.309996080123,Poland,306.03536135061483
736,2017,18662.759762682574,Poland,315.44976660245186
737,2018,18982.906474958952,Poland,320.1467122763792
738,2019,19284.89826042638,Poland,301.99178546742803
739,2020,19569.128334436784,Poland,284.2300740104009
740,2021,19878.266977086223,Poland,309.1386426494404
741,1965,1919.0468705296698,Russian Federation,1919.0468705296698
742,1966,3946.5287954703094,Russian Federation,2027.4819249406396
743,1967,6067.318260499236,Russian Federation,2120.7894650289263
744,1968,8240.170007921894,Russian Federation,2172.851747422657
745,1969,10493.676815694389,Russian Federation,2253.506807772497
746,1970,12831.024446553693,Russian Federation,2337.3476308593026
747,1971,15262.876349290695,Russian Federation,2431.8519027370025
748,1972,17813.393668514105,Russian Federation,2550.517319223412
749,1973,20473.892981184796,Russian Federation,2660.4993126706895
750,1974,23236.425709760886,Russian Federation,2762.532728576091
751,1975,26132.048329580695,Russian Federation,2895.6226198198083
752,1976,29122.06867523015,Russian Federation,2990.0203456494564
753,1977,32220.1147327877,Russian Federation,3098.0460575575503
754,1978,35415.796777704876,Russian Federation,3195.6820449171737
755,1979,38674.268660013244,Russian Federation,3258.471882308371
756,1980,41954.693797354565,Russian Federation,3280.42513734132
757,1981,45267.6683450835,Russian Federation,3312.9745477289302
758,1982,48644.41461661518,Russian Federation,3376.7462715316815
759,1983,52059.165490851534,Russian Federation,3414.7508742363566
760,1984,55533.8048940774,Russian Federation,3474.639403225866
761,1985,57706.20342887484,Russian Federation,2172.3985347974417
762,1986,59917.0081384969,Russian Federation,2210.8047096220566
763,1987,62185.337439089395,Russian Federation,2268.329300592493
764,1988,64477.100390158885,Russian Federation,2291.762951069489
765,1989,66767.17592286102,Russian Federation,2290.0755327021293
766,1990,69001.09646869075,Russian Federation,2233.920545829739
767,1991,71169.01709967092,Russian Federation,2167.920630980173
768,1992,73241.57988382094,Russian Federation,2072.562784150016
769,1993,75136.78890049175,Russian Federation,1895.2090166708115
770,1994,76863.06215347859,Russian Federation,1726.2732529868408
771,1995,78479.48027636885,Russian Federation,1616.4181228902548
772,1996,80042.42614067762,Russian Federation,1562.9458643087778
773,1997,81506.08133116907,Russian Federation,1463.6551904914493
774,1998,82951.38717153904,Russian Federation,1445.305840369964
775,1999,84397.20115139663,Russian Federation,1445.8139798575905
776,2000,85849.96420770235,Russian Federation,1452.76305630572
777,2001,87316.03689782147,Russian Federation,1466.072690119122
778,2002,88781.77214242515,Russian Federation,1465.7352446036766
779,2003,90276.44755065406,Russian Federation,1494.675408228921
780,2004,91766.43836418814,Russian Federation,1489.9908135340797
781,2005,93232.17233667946,Russian Federation,1465.7339724913086
782,2006,94768.8197428268,Russian Federation,1536.6474061473484
783,2007,96297.07166727992,Russian Federation,1528.251924453119
784,2008,97852.44040758559,Russian Federation,1555.3687403056585
785,2009,99298.98353945905,Russian Federation,1446.5431318734686
786,2010,100791.36830497041,Russian Federation,1492.3847655113675
787,2011,102350.1646936404,Russian Federation,1558.7963886699765
788,2012,103922.54389006409,Russian Federation,1572.3791964236868
789,2013,105461.29892243014,Russian Federation,1538.7550323660553
790,2014,107001.10115286258,Russian Federation,1539.8022304324536
791,2015,108508.09639247083,Russian Federation,1506.9952396082433
792,2016,110028.57130558767,Russian Federation,1520.47491311683
793,2017,111536.38908818488,Russian Federation,1507.817782597211
794,2018,113101.06209472331,Russian Federation,1564.6730065384318
795,2019,114649.90173053862,Russian Federation,1548.8396358153125
796,2020,116106.14941577143,Russian Federation,1456.2476852328182
797,2021,117687.48733715001,Russian Federation,1581.337921378577
798,1965,62.4899278504,Saudi Arabia,62.4899278504
799,1966,125.7512281674,Saudi Arabia,63.26130031700001
800,1967,189.83666300100003,Saudi Arabia,64.08543483360002
801,1968,254.81037795530005,Saudi Arabia,64.97371495430001
802,1969,320.75293647600006,Saudi Arabia,65.9425585207
803,1970,387.7994731072,Saudi Arabia,67.0465366312
804,1971,454.8765199589001,Saudi Arabia,67.0770468517
805,1972,526.7341527357,Saudi Arabia,71.8576327768
806,1973,603.2339811282001,Saudi Arabia,76.4998283925
807,1974,684.0973084511,Saudi Arabia,80.8633273229
808,1975,746.7616493372001,Saudi Arabia,62.66434088610001
809,1976,819.121154711751,Saudi Arabia,72.35950537455096
810,1977,904.7532045912865,Saudi Arabia,85.63204987953542
811,1978,999.6899583580262,Saudi Arabia,94.93675376673976
812,1979,1115.5307571504463,Saudi Arabia,115.84079879242017
813,1980,1213.4425129190656,Saudi Arabia,97.91175576861917
814,1981,1323.8867555221968,Saudi Arabia,110.44424260313133
815,1982,1446.394904571758,Saudi Arabia,122.5081490495611
816,1983,1580.27721912936,Saudi Arabia,133.88231455760197
817,1984,1737.1474493123133,Saudi Arabia,156.87023018295343
818,1985,1898.687927843634,Saudi Arabia,161.54047853132067
819,1986,2057.536044368323,Saudi Arabia,158.84811652468886
820,1987,2225.8287611155943,Saudi Arabia,168.29271674727136
821,1988,2399.0509933164376,Saudi Arabia,173.22223220084354
822,1989,2567.8313303531695,Saudi Arabia,168.78033703673162
823,1990,2770.1139104098547,Saudi Arabia,202.2825800566852
824,1991,2982.175024367378,Saudi Arabia,212.06111395752328
825,1992,3190.751303209768,Saudi Arabia,208.57627884239037
826,1993,3403.730926804592,Saudi Arabia,212.97962359482386
827,1994,3653.182856839767,Saudi Arabia,249.45193003517488
828,1995,3895.2357685117627,Saudi Arabia,242.05291167199556
829,1996,4141.781207129353,Saudi Arabia,246.54543861759012
830,1997,4392.6341837002155,Saudi Arabia,250.85297657086252
831,1998,4657.678285892845,Saudi Arabia,265.04410219262985
832,1999,4927.5133394426075,Saudi Arabia,269.8350535497621
833,2000,5205.701026840639,Saudi Arabia,278.1876873980318
834,2001,5492.866184201144,Saudi Arabia,287.1651573605053
835,2002,5788.045899500015,Saudi Arabia,295.17971529887154
836,2003,6102.704435648051,Saudi Arabia,314.65853614803484
837,2004,6443.082316423802,Saudi Arabia,340.37788077575135
838,2005,6785.836224589667,Saudi Arabia,342.7539081658648
839,2006,7146.127847400789,Saudi Arabia,360.291622811122
840,2007,7525.366042617729,Saudi Arabia,379.2381952169408
841,2008,7937.3425719237,Saudi Arabia,411.976529305971
842,2009,8364.205961439666,Saudi Arabia,426.8633895159648
843,2010,8836.169035684034,Saudi Arabia,471.9630742443674
844,2011,9335.993377532686,Saudi Arabia,499.8243418486534
845,2012,9861.005356310256,Saudi Arabia,525.0119787775697
846,2013,10395.122248356643,Saudi Arabia,534.1168920463876
847,2014,10968.42953765794,Saudi Arabia,573.307289301296
848,2015,11559.674041141041,Saudi Arabia,591.2445034831021
849,2016,12178.200966399603,Saudi Arabia,618.5269252585625
850,2017,12786.307152531257,Saudi Arabia,608.1061861316531
851,2018,13390.762772384356,Saudi Arabia,604.4556198530987
852,2019,13972.933460349048,Saudi Arabia,582.1706879646923
853,2020,14542.100170146117,Saudi Arabia,569.1667097970698
854,2021,15117.427314605015,Saudi Arabia,575.3271444588972
855,1965,113.20419410417682,South Africa,113.20419410417682
856,1966,226.72610698811414,South Africa,113.52191288393732
857,1967,343.56877267664674,South Africa,116.84266568853263
858,1968,466.673969414534,South Africa,123.10519673788721
859,1969,592.9260491483077,South Africa,126.25207973377373
860,1970,724.5477484259011,South Africa,131.62169927759336
861,1971,866.7653375442031,South Africa,142.21758911830204
862,1972,1012.4584653758388,South Africa,145.69312783163568
863,1973,1169.0682457104358,South Africa,156.6097803345969
864,1974,1330.8339296128765,South Africa,161.76568390244094
865,1975,1503.3338437507578,South Africa,172.499914137881
866,1976,1683.370912709865,South Africa,180.03706895910727
867,1977,1868.3648055898757,South Africa,184.99389288001086
868,1978,2050.6089073845937,South Africa,182.2441017947179
869,1979,2240.745224421867,South Africa,190.13631703727359
870,1980,2446.6028623184757,South Africa,205.85763789660817
871,1981,2686.8715216479413,South Africa,240.26865932946612
872,1982,2950.918334348885,South Africa,264.0468127009433
873,1983,3221.310495919168,South Africa,270.3921615702831
874,1984,3511.711584399555,South Africa,290.401088480387
875,1985,3808.831672841067,South Africa,297.1200884415117
876,1986,4108.255941188156,South Africa,299.42426834708857
877,1987,4415.017965599921,South Africa,306.76202441176554
878,1988,4745.562433499499,South Africa,330.54446789957797
879,1989,5058.087806218985,South Africa,312.52537271948654
880,1990,5382.957417095654,South Africa,324.8696108766688
881,1991,5702.178832804216,South Africa,319.22141570856166
882,1992,6029.412510522226,South Africa,327.2336777180102
883,1993,6359.006407395385,South Africa,329.5938968731599
884,1994,6699.303949360154,South Africa,340.2975419647675
885,1995,7050.457935658325,South Africa,351.15398629817236
886,1996,7407.763840657988,South Africa,357.30590499966274
887,1997,7772.913387522376,South Africa,365.14954686438784
888,1998,8130.464951286229,South Africa,357.55156376385213
889,1999,8500.575928308244,South Africa,370.11097702201533
890,2000,8872.225511690074,South Africa,371.6495833818309
891,2001,9248.701086754016,South Africa,376.4755750639405
892,2002,9615.263756329472,South Africa,366.56266957545733
893,2003,10015.042258819904,South Africa,399.7785024904319
894,2004,10454.186839388452,South Africa,439.1445805685473
895,2005,10875.850486225678,South Africa,421.6636468372252
896,2006,11306.709435606397,South Africa,430.8589493807211
897,2007,11747.752678087621,South Africa,441.0432424812238
898,2008,12223.707394953204,South Africa,475.9547168655827
899,2009,12698.109272574287,South Africa,474.4018776210829
900,2010,13172.973533931103,South Africa,474.86426135681575
901,2011,13639.25049625441,South Africa,466.2769623233062
902,2012,14101.302644309046,South Africa,462.05214805463567
903,2013,14564.090489850238,South Africa,462.7878455411923
904,2014,15031.281011682257,South Africa,467.19052183201944
905,2015,15486.351610053154,South Africa,455.07059837089787
906,2016,15960.250544142198,South Africa,473.8989340890438
907,2017,16430.15427631161,South Africa,469.9037321694083
908,2018,16881.807536382457,South Africa,451.6532600708503
909,2019,17355.512990681385,South Africa,473.7054542989297
910,2020,17792.73728879619,South Africa,437.22429811480475
911,2021,18231.65379783057,South Africa,438.9165090343795
912,1965,24.87125434860764,South Korea,24.87125434860764
913,1966,54.48206431239939,South Korea,29.61080996379175
914,1967,87.26392889051039,South Korea,32.781864578111
915,1968,123.56726733459942,South Korea,36.30333844408903
916,1969,166.05133191892142,South Korea,42.484064584322
917,1970,215.0853608993292,South Korea,49.03402898040778
918,1971,267.6876832908897,South Korea,52.602322391560506
919,1972,322.2777126145568,South Korea,54.59002932366707
920,1973,390.02526883580765,South Korea,67.7475562212509
921,1974,458.80377634637625,South Korea,68.7785075105686
922,1975,534.0699492126512,South Korea,75.26617286627484
923,1976,618.1658260141521,South Korea,84.09587680150103
924,1977,714.3913140160294,South Korea,96.22548800187721
925,1978,818.3552610490226,South Korea,103.96394703299323
926,1979,937.5358115974533,South Korea,119.18055054843066
927,1980,1060.964457916233,South Korea,123.4286463187797
928,1981,1189.6940108219308,South Korea,128.72955290569774
929,1982,1318.8132038774058,South Korea,129.11919305547505
930,1983,1454.1612505075636,South Korea,135.34804663015785
931,1984,1602.1941384593545,South Korea,148.03288795179083
932,1985,1761.118688209583,South Korea,158.92454975022852
933,1986,1931.1078739593615,South Korea,169.98918574977858
934,1987,2110.2607161375017,South Korea,179.15284217814016
935,1988,2314.3828329447233,South Korea,204.12211680722137
936,1989,2529.865052310308,South Korea,215.48221936558502
937,1990,2765.3026528151877,South Korea,235.43760050487947
938,1991,3029.1215609927353,South Korea,263.8189081775479
939,1992,3317.4625044348727,South Korea,288.34094344213713
940,1993,3635.3938517550796,South Korea,317.9313473202072
941,1994,3978.7600049120856,South Korea,343.36615315700567
942,1995,4351.4742230581305,South Korea,372.71421814604537
943,1996,4765.093716987164,South Korea,413.61949392903335
944,1997,5203.339490036695,South Korea,438.24577304953027
945,1998,5579.933732298112,South Korea,376.59424226141766
946,1999,5990.438496296285,South Korea,410.50476399817256
947,2000,6427.646735887091,South Korea,437.208239590807
948,2001,6878.2649155169765,South Korea,450.618179629885
949,2002,7347.2001368210795,South Korea,468.9352213041028
950,2003,7825.492866216714,South Korea,478.29272939563486
951,2004,8313.31720024541,South Korea,487.8243340286957
952,2005,8809.758134983405,South Korea,496.4409347379951
953,2006,9311.24614642033,South Korea,501.488011436924
954,2007,9824.592320960917,South Korea,513.3461745405875
955,2008,10350.464224868138,South Korea,525.8719039072207
956,2009,10880.66921879053,South Korea,530.2049939223933
957,2010,11467.535412139441,South Korea,586.8661933489107
958,2011,12081.241806705215,South Korea,613.7063945657742
959,2012,12693.856763830847,South Korea,612.6149571256306
960,2013,13313.845945467829,South Korea,619.989181636982
961,2014,13928.852189911271,South Korea,615.0062444434424
962,2015,14551.632631529035,South Korea,622.7804416177655
963,2016,15184.805263389762,South Korea,633.172631860727
964,2017,15826.633264224505,South Korea,641.8280008347413
965,2018,16485.743677271355,South Korea,659.1104130468514
966,2019,17121.066262014538,South Korea,635.3225847431836
967,2020,17709.90723323256,South Korea,588.8409712180198
968,2021,18313.667827378365,South Korea,603.7605941458072
969,1965,80.4331014405,Spain,80.4331014405
970,1966,165.14885804009998,Spain,84.7157565996
971,1967,260.6307752361,Spain,95.481917196
972,1968,359.7668455486,Spain,99.1360703125
973,1969,468.330115497,Spain,108.56326994840002
974,1970,589.3879463162,Spain,121.05783081920002
975,1971,716.1678173352001,Spain,126.77987101900001
976,1972,851.7089742310001,Spain,135.54115689580001
977,1973,1007.1446648666001,Spain,155.4356906356
978,1974,1169.1507800477002,Spain,162.00611518110003
979,1975,1337.5307855036988,Spain,168.3800054559987
980,1976,1522.7276198969828,Spain,185.19683439328398
981,1977,1701.8948851748908,Spain,179.16726527790797
982,1978,1876.031099835904,Spain,174.13621466101318
983,1979,2062.627277779904,Spain,186.59617794400003
984,1980,2270.8598672556363,Spain,208.23258947573214
985,1981,2482.7985227149907,Spain,211.93865545935458
986,1982,2691.412008071222,Spain,208.61348535623108
987,1983,2902.812831464661,Spain,211.40082339343945
988,1984,3104.6631052372104,Spain,201.850273772549
989,1985,3299.0493982346616,Spain,194.3862929974511
990,1986,3495.963491434344,Spain,196.91409319968264
991,1987,3699.40494887592,Spain,203.44145744157592
992,1988,3895.8731139460315,Spain,196.46816507011175
993,1989,4113.066833635587,Spain,217.19371968955488
994,1990,4327.668379064429,Spain,214.60154542884248
995,1991,4548.078881379832,Spain,220.41050231540297
996,1992,4789.091705390982,Spain,241.01282401114997
997,1993,5015.120787902392,Spain,226.02908251141028
998,1994,5249.253804644209,Spain,234.13301674181687
999,1995,5497.169487142295,Spain,247.91568249808577
1000,1996,5741.382355531997,Spain,244.21286838970195
1001,1997,6005.022696887755,Spain,263.6403413557583
1002,1998,6279.281349882891,Spain,274.258652995136
1003,1999,6578.074490164475,Spain,298.79314028158404
1004,2000,6887.398951389515,Spain,309.3244612250396
1005,2001,7201.390801751683,Spain,313.9918503621681
1006,2002,7533.692211850325,Spain,332.30141009864207
1007,2003,7873.773811903694,Spain,340.08160005336896
1008,2004,8235.867789838554,Spain,362.0939779348606
1009,2005,8610.809646439979,Spain,374.9418566014244
1010,2006,8980.180128636446,Spain,369.37048219646726
1011,2007,9360.718425569525,Spain,380.5382969330785
1012,2008,9715.518180374405,Spain,354.7997548048814
1013,2009,10031.791722977963,Spain,316.2735426035562
1014,2010,10331.941579906546,Spain,300.1498569285834
1015,2011,10640.470872142365,Spain,308.5292922358188
1016,2012,10946.744932740427,Spain,306.2740605980628
1017,2013,11221.252680097761,Spain,274.5077473573329
1018,2014,11493.106710760261,Spain,271.8540306625005
1019,2015,11780.976889506204,Spain,287.87017874594426
1020,2016,12061.598217845167,Spain,280.6213283389618
1021,2017,12359.849730685264,Spain,298.2515128400967
1022,2018,12652.857426760025,Spain,293.007696074761
1023,2019,12929.016272191124,Spain,276.15884543109945
1024,2020,13152.589499509895,Spain,223.57322731877088
1025,2021,13398.312449955429,Spain,245.72295044553456
1026,1965,3451.8918551264583,US,3451.8918551264583
1027,1966,7091.686859481017,US,3639.795004354559
1028,1967,10829.848178387307,US,3738.161318906289
1029,1968,14777.191637183234,US,3947.343458795928
1030,1969,18894.587884022218,US,4117.396246838984
1031,1970,23166.116015663254,US,4271.528131641036
1032,1971,27475.18461667619,US,4309.068601012937
1033,1972,32001.0153971073,US,4525.83078043111
1034,1973,36740.477844183384,US,4739.462447076081
1035,1974,41308.05775744665,US,4567.579913263271
1036,1975,45694.85805389616,US,4386.80029644951
1037,1976,50342.420834928555,US,4647.562781032393
1038,1977,55133.75752803932,US,4791.3366931107685
1039,1978,59967.45700219985,US,4833.69947416053
1040,1979,64888.59968865414,US,4921.142686454286
1041,1980,69630.97415279085,US,4742.3744641367075
1042,1981,74227.1800784316,US,4596.205925640754
1043,1982,78598.27429238662,US,4371.094213955015
1044,1983,82930.39105340374,US,4332.116761017128
1045,1984,87489.23261964736,US,4558.8415662436155
1046,1985,92065.23924822621,US,4576.006628578851
1047,1986,96663.42483862961,US,4598.185590403405
1048,1987,101413.27837850821,US,4749.8535398785925
1049,1988,106382.41661647944,US,4969.13823797123
1050,1989,111440.49464875493,US,5058.078032275493
1051,1990,116410.98646253363,US,4970.491813778704
1052,1991,121333.60468571413,US,4922.618223180496
1053,1992,126338.52597978963,US,5004.921294075497
1054,1993,131456.0793042638,US,5117.553324474168
1055,1994,136651.4680909728,US,5195.388786708998
1056,1995,141879.3619196404,US,5227.89382866758
1057,1996,147287.00093709637,US,5407.639017456006
1058,1997,152770.02702260614,US,5483.026085509749
1059,1998,158294.16614911376,US,5524.139126507642
1060,1999,163868.30632669188,US,5574.140177578098
1061,2000,169608.99093833653,US,5740.684611644673
1062,2001,175259.65931953958,US,5650.66838120305
1063,2002,180932.0064609967,US,5672.34714145711
1064,2003,186669.63804107852,US,5737.631580081823
1065,2004,192508.52014949665,US,5838.882108418122
1066,2005,198381.693175212,US,5873.173025715362
1067,2006,204176.9166551221,US,5795.2234799100825
1068,2007,210061.13550021438,US,5884.218845092296
1069,2008,215761.99755838537,US,5700.862058170966
1070,2009,221051.2424432495,US,5289.244884864145
1071,2010,226536.96620958846,US,5485.723766338967
1072,2011,231873.12322161914,US,5336.157012030681
1073,2012,236962.27120619648,US,5089.1479845773465
1074,2013,242208.88533468527,US,5246.614128488781
1075,2014,247460.54744208916,US,5251.662107403887
1076,2015,252598.02553213632,US,5137.478090047155
1077,2016,257636.02221712022,US,5037.996684983908
1078,2017,262614.78462591715,US,4978.762408796916
1079,2018,267747.5198813006,US,5132.735255383487
1080,2019,272728.46829616156,US,4980.948414860934
1081,2020,277149.075145903,US,4420.60684974144
1082,2021,281850.1809061424,US,4701.105760239381
1083,1985,694.3995007250583,Ukraine,694.3995007250583
1084,1986,1396.2207105421144,Ukraine,701.821209817056
1085,1987,2106.1210016469818,Ukraine,709.9002911048674
1086,1988,2792.3024183812304,Ukraine,686.1814167342487
1087,1989,3445.194791561136,Ukraine,652.8923731799056
1088,1990,4207.141989597785,Ukraine,761.9471980366495
1089,1991,4915.283537940932,Ukraine,708.1415483431459
1090,1992,5518.868698151362,Ukraine,603.5851602104309
1091,1993,6038.769585023017,Ukraine,519.9008868716539
1092,1994,6470.494440634932,Ukraine,431.7248556119159
1093,1995,6893.612637783202,Ukraine,423.1181971482707
1094,1996,7260.093371646171,Ukraine,366.48073386296807
1095,1997,7612.796819866179,Ukraine,352.703448220008
1096,1998,7953.782996064533,Ukraine,340.98617619835403
1097,1999,8288.8226784708,Ukraine,335.0396824062673
1098,2000,8624.73020775721,Ukraine,335.9075292864088
1099,2001,8954.05285890312,Ukraine,329.3226511459105
1100,2002,9283.319614242031,Ukraine,329.26675533891137
1101,2003,9619.950024679567,Ukraine,336.63041043753543
1102,2004,9937.463717652226,Ukraine,317.5136929726594
1103,2005,10252.92049052791,Ukraine,315.4567728756836
1104,2006,10577.30956140667,Ukraine,324.38907087875987
1105,2007,10904.76966438015,Ukraine,327.46010297348073
1106,2008,11221.933335140251,Ukraine,317.1636707601009
1107,2009,11494.30818442017,Ukraine,272.3748492799196
1108,2010,11783.008808302826,Ukraine,288.70062388265563
1109,2011,12086.236128612825,Ukraine,303.2273203099997
1110,2012,12385.287661544544,Ukraine,299.05153293171725
1111,2013,12671.76624545955,Ukraine,286.47858391500716
1112,2014,12918.608018245604,Ukraine,246.84177278605495
1113,2015,13113.739734523531,Ukraine,195.1317162779263
1114,2016,13329.363484412306,Ukraine,215.62374988877525
1115,2017,13517.214117466854,Ukraine,187.8506330545477
1116,2018,13715.88857907845,Ukraine,198.67446161159518
1117,2019,13901.404464957559,Ukraine,185.51588587910976
1118,2020,14074.317260207334,Ukraine,172.9127952497747
1119,2021,14242.173629088773,Ukraine,167.8563688814389
1120,1965,688.0980406031665,United Kingdom,688.0980406031665
1121,1966,1369.045005056002,United Kingdom,680.9469644528356
1122,1967,2039.1424468464893,United Kingdom,670.0974417904872
1123,1968,2728.8854569958557,United Kingdom,689.7430101493665
1124,1969,3436.511189842318,United Kingdom,707.6257328464621
1125,1970,4161.05371286212,United Kingdom,724.5425230198025
1126,1971,4858.481413576833,United Kingdom,697.4277007147128
1127,1972,5549.018224597633,United Kingdom,690.5368110207997
1128,1973,6277.6957725693355,United Kingdom,728.6775479717029
1129,1974,6952.93345759664,United Kingdom,675.2376850273045
1130,1975,7588.889195491328,United Kingdom,635.9557378946872
1131,1976,8234.618781506324,United Kingdom,645.7295860149967
1132,1977,8888.658646907514,United Kingdom,654.0398654011897
1133,1978,9526.449463092604,United Kingdom,637.7908161850906
1134,1979,10191.666524943033,United Kingdom,665.2170618504288
1135,1980,10798.202778624369,United Kingdom,606.5362536813349
1136,1981,11383.037217861516,United Kingdom,584.8344392371487
1137,1982,11950.281555131007,United Kingdom,567.2443372694892
1138,1983,12512.73573622192,United Kingdom,562.4541810909149
1139,1984,13051.352287505864,United Kingdom,538.6165512839434
1140,1985,13623.991957073433,United Kingdom,572.6396695675679
1141,1986,14214.796516325405,United Kingdom,590.8045592519723
1142,1987,14809.106504106521,United Kingdom,594.3099877811163
1143,1988,15403.370847963624,United Kingdom,594.2643438571038
1144,1989,15987.675463672584,United Kingdom,584.3046157089587
1145,1990,16582.85786604996,United Kingdom,595.1824023773752
1146,1991,17188.341704398594,United Kingdom,605.4838383486351
1147,1992,17776.92290289326,United Kingdom,588.5811984946652
1148,1993,18351.554179977695,United Kingdom,574.6312770844356
1149,1994,18912.92082253509,United Kingdom,561.3666425573931
1150,1995,19471.722764964066,United Kingdom,558.8019424289773
1151,1996,20051.096601117082,United Kingdom,579.373836153017
1152,1997,20610.952889090808,United Kingdom,559.8562879737267
1153,1998,21171.702707883847,United Kingdom,560.7498187930402
1154,1999,21722.925729261995,United Kingdom,551.2230213781464
1155,2000,22288.642480897088,United Kingdom,565.7167516350927
1156,2001,22864.164272491347,United Kingdom,575.5217915942578
1157,2002,23420.841093811396,United Kingdom,556.6768213200502
1158,2003,23988.62715744874,United Kingdom,567.7860636373441
1159,2004,24561.863163741185,United Kingdom,573.2360062924454
1160,2005,25141.005165102695,United Kingdom,579.1420013615116
1161,2006,25722.699473032026,United Kingdom,581.6943079293295
1162,2007,26292.866746512118,United Kingdom,570.1672734800932
1163,2008,26853.282800191326,United Kingdom,560.4160536792045
1164,2009,27365.99854662504,United Kingdom,512.7157464337164
1165,2010,27894.531546642957,United Kingdom,528.5330000179154
1166,2011,28388.516198915262,United Kingdom,493.98465227230633
1167,2012,28898.697458304418,United Kingdom,510.1812593891564
1168,2013,29396.715784104963,United Kingdom,498.0183258005445
1169,2014,29852.79251681607,United Kingdom,456.07673271110536
1170,2015,30290.558745739156,United Kingdom,437.7662289230881
1171,2016,30704.154126176323,United Kingdom,413.5953804371653
1172,2017,31105.412970719397,United Kingdom,401.2588445430764
1173,2018,31498.883553484957,United Kingdom,393.4705827655592
1174,2019,31876.372316370256,United Kingdom,377.4887628852978
1175,2020,32193.27914881988,United Kingdom,316.9068324496263
1176,2021,32530.95385151544,United Kingdom,337.674702695562
